{"cameraMode":{"drawMode":0,"name":"Shaded","section":"Shading Mode"},"sceneLighting":true,"audioPlay":false,"sceneViewState":{"m_AlwaysRefresh":false,"showFog":true,"showSkybox":true,"showFlares":true,"showImageEffects":true,"showParticleSystems":true,"showVisualEffectGraphs":true,"m_FxEnabled":true},"in2DMode":false,"pivot":{"x":0.4691774845123291,"y":-5.717775821685791,"z":26.776588439941408},"rotation":{"x":0.15935850143432618,"y":-0.09609396755695343,"z":0.015586931258440018,"w":0.9824130535125732},"size":20.93037223815918,"orthographic":false}